{"cameraMode":{"drawMode":0,"name":"Shaded","section":"Shading Mode"},"sceneLighting":true,"audioPlay":false,"sceneViewState":{"m_AlwaysRefresh":false,"showFog":true,"showSkybox":true,"showFlares":true,"showImageEffects":true,"showParticleSystems":true,"showVisualEffectGraphs":true,"m_FxEnabled":true},"in2DMode":false,"pivot":{"x":11.380000114440918,"y":0.800000011920929,"z":3.1430001258850099},"rotation":{"x":-0.20043286681175233,"y":0.08101502060890198,"z":-0.01662249118089676,"w":-0.9762250185012817},"size":11.106269836425782,"orthographic":true}