{"cameraMode":{"drawMode":0,"name":"Shaded","section":"Shading Mode"},"sceneLighting":true,"audioPlay":false,"sceneViewState":{"m_AlwaysRefresh":false,"showFog":true,"showSkybox":true,"showFlares":true,"showImageEffects":true,"showParticleSystems":true,"showVisualEffectGraphs":true,"m_FxEnabled":true},"in2DMode":false,"pivot":{"x":0.4742046594619751,"y":0.03483545780181885,"z":1.9107818603515626},"rotation":{"x":-0.7710614800453186,"y":0.0030619120225310327,"z":-0.0036916194949299099,"w":-0.636769711971283},"size":5.915473461151123,"orthographic":true}